techRevenue,cat
158.74900027999752,audio
164.1313006929947,consoles_games
91.3381721174459,eletronicos
321.8036804900275,eletroportateis
196.15570975727417,informatica_acessorios
217.44300003051757,pc_gamer
1268.7343152999879,pcs
230.48164466899829,relogios_presentes
103.13112703084613,telefonia
