avgRevenue,mo
164.1764741690619,12
189.18169118722406,11
228.0328776321421,10
240.1634024730975,9
184.44624214930522,8
175.55160189118712,7
196.34677939099717,6
194.24652391735881,5
176.09840715811265,4
181.5604945592822,3
167.18774925982407,2
175.9504320325592,1
