transport_costs,cat
15.688021919229529,audio
17.438891932958033,consoles_games
16.83350929522023,eletronicos
23.593888019426934,eletroportateis
18.821781026618538,informatica_acessorios
14.84111107720269,pc_gamer
48.45467978980154,pcs
16.7811601128727,relogios_presentes
15.669040781930008,telefonia
