transport_costs,mo
16.982136390895665,12
17.50400913808797,11
17.71028295330418,10
19.154156775676906,9
17.905339503361372,8
18.627085198988425,7
18.759121881376043,6
16.61374602069614,5
17.299171213214986,4
18.64712379583672,3
16.902051705839593,2
17.31262832288924,1
